{
  "model": "ARIMA",
  "order": [
    2,
    1,
    2
  ],
  "cities_trained": 8,
  "aggregate": {
    "mae_mean": 26.154860184005237,
    "rmse_mean": 33.00834300868274,
    "mae_median": 19.550150301071483,
    "rmse_median": 26.977343046806126
  },
  "per_city": {
    "Jaipur": {
      "mae": 18.932458832622633,
      "rmse": 23.923581233667043,
      "holdout": 72,
      "last_actual": 70.0,
      "last_predicted": 92.81947642350369
    },
    "Lucknow": {
      "mae": 38.01120462957663,
      "rmse": 42.2914657641649,
      "holdout": 72,
      "last_actual": 76.0,
      "last_predicted": 124.57115948219037
    },
    "Delhi": {
      "mae": 28.314832009373195,
      "rmse": 39.49503372087508,
      "holdout": 72,
      "last_actual": 101.0,
      "last_predicted": 116.54637755590697
    },
    "Hyderabad": {
      "mae": 18.122045253498413,
      "rmse": 22.21202100523284,
      "holdout": 72,
      "last_actual": 48.0,
      "last_predicted": 70.25201875912943
    },
    "Chennai": {
      "mae": 17.786894414374096,
      "rmse": 25.582728480797627,
      "holdout": 72,
      "last_actual": 92.0,
      "last_predicted": 72.65084558061531
    },
    "Ahmedabad": {
      "mae": 53.336015754995195,
      "rmse": 56.607227771112264,
      "holdout": 72,
      "last_actual": 119.0,
      "last_predicted": 166.89344855483222
    },
    "Chandigarh": {
      "mae": 20.167841769520336,
      "rmse": 25.76231634030561,
      "holdout": 72,
      "last_actual": 66.0,
      "last_predicted": 48.9970011560329
    },
    "Nagpur": {
      "mae": 14.567588808081403,
      "rmse": 28.192369753306643,
      "holdout": 72,
      "last_actual": 76.5,
      "last_predicted": 79.82649641012905
    }
  }
}