{
  "selected_model": "random_forest",
  "selected_model_f1_weighted": 0.9757236554476271,
  "all_metrics": {
    "random_forest": {
      "accuracy": 0.9757093454439398,
      "f1_weighted": 0.9757236554476271,
      "classification_report": {
        "Good": {
          "precision": 0.9614243323442137,
          "recall": 0.9632107023411371,
          "f1-score": 0.9623166883237424,
          "support": 2691.0
        },
        "Hazardous": {
          "precision": 0.9896324222431668,
          "recall": 0.9814612868047983,
          "f1-score": 0.9855299178725069,
          "support": 6419.0
        },
        "Moderate": {
          "precision": 0.970583481493454,
          "recall": 0.9746794351566305,
          "f1-score": 0.9726271460965339,
          "support": 6161.0
        },
        "Unhealthy": {
          "precision": 0.9736060329067642,
          "recall": 0.9760595647193585,
          "f1-score": 0.9748312550051481,
          "support": 8730.0
        },
        "accuracy": 0.9757093454439398,
        "macro avg": {
          "precision": 0.9738115672468997,
          "recall": 0.9738527472554811,
          "f1-score": 0.9738262518244828,
          "support": 24001.0
        },
        "weighted avg": {
          "precision": 0.9757505476219486,
          "recall": 0.9757093454439398,
          "f1-score": 0.9757236554476271,
          "support": 24001.0
        }
      }
    },
    "logistic_regression": {
      "accuracy": 0.7660930794550227,
      "f1_weighted": 0.7729825458301398,
      "classification_report": {
        "Good": {
          "precision": 0.43635060902794365,
          "recall": 0.6789297658862876,
          "f1-score": 0.531259086943879,
          "support": 2691.0
        },
        "Hazardous": {
          "precision": 0.8949891741416641,
          "recall": 0.9015422963078361,
          "f1-score": 0.8982537834691502,
          "support": 6419.0
        },
        "Moderate": {
          "precision": 0.7477924944812362,
          "recall": 0.6597954877454959,
          "f1-score": 0.7010433732861947,
          "support": 6161.0
        },
        "Unhealthy": {
          "precision": 0.8478260869565217,
          "recall": 0.768384879725086,
          "f1-score": 0.8061531065977647,
          "support": 8730.0
        },
        "accuracy": 0.7660930794550227,
        "macro avg": {
          "precision": 0.7317395911518414,
          "recall": 0.7521631074161763,
          "f1-score": 0.7341773375742471,
          "support": 24001.0
        },
        "weighted avg": {
          "precision": 0.7886265695320557,
          "recall": 0.7660930794550227,
          "f1-score": 0.7729825458301398,
          "support": 24001.0
        }
      }
    }
  },
  "feature_columns": [
    "PM2.5",
    "PM10",
    "NO2",
    "SO2",
    "City"
  ]
}