{
  "selected_model": "random_forest",
  "selected_model_f1_weighted": 0.8885569285249914,
  "all_metrics": {
    "random_forest": {
      "accuracy": 0.892354124748491,
      "f1_weighted": 0.8885569285249914,
      "classification_report": {
        "Good": {
          "precision": 0.8177570093457944,
          "recall": 0.6529850746268657,
          "f1-score": 0.7261410788381742,
          "support": 268.0
        },
        "Hazardous": {
          "precision": 0.914651493598862,
          "recall": 0.8748299319727891,
          "f1-score": 0.894297635605007,
          "support": 735.0
        },
        "Moderate": {
          "precision": 0.9203020134228188,
          "recall": 0.9648197009674582,
          "f1-score": 0.9420352082438815,
          "support": 3411.0
        },
        "Unhealthy": {
          "precision": 0.6834381551362684,
          "recall": 0.5863309352517986,
          "f1-score": 0.6311713455953534,
          "support": 556.0
        },
        "accuracy": 0.892354124748491,
        "macro avg": {
          "precision": 0.834037167875936,
          "recall": 0.7697414107047279,
          "f1-score": 0.798411317070604,
          "support": 4970.0
        },
        "weighted avg": {
          "precision": 0.8874385328653595,
          "recall": 0.892354124748491,
          "f1-score": 0.8885569285249914,
          "support": 4970.0
        }
      }
    },
    "logistic_regression": {
      "accuracy": 0.7738430583501006,
      "f1_weighted": 0.8007919046249281,
      "classification_report": {
        "Good": {
          "precision": 0.31370038412291934,
          "recall": 0.914179104477612,
          "f1-score": 0.4671115347950429,
          "support": 268.0
        },
        "Hazardous": {
          "precision": 0.9235382308845578,
          "recall": 0.8380952380952381,
          "f1-score": 0.8787446504992867,
          "support": 735.0
        },
        "Moderate": {
          "precision": 0.9653069004956157,
          "recall": 0.7423043095866315,
          "f1-score": 0.8392442823997348,
          "support": 3411.0
        },
        "Unhealthy": {
          "precision": 0.5038932146829811,
          "recall": 0.814748201438849,
          "f1-score": 0.622680412371134,
          "support": 556.0
        },
        "accuracy": 0.7738430583501006,
        "macro avg": {
          "precision": 0.6766096825465184,
          "recall": 0.8273317133995827,
          "f1-score": 0.7019452200162996,
          "support": 4970.0
        },
        "weighted avg": {
          "precision": 0.8723739975049044,
          "recall": 0.7738430583501006,
          "f1-score": 0.8007919046249281,
          "support": 4970.0
        }
      }
    }
  },
  "feature_columns": [
    "PM2.5",
    "PM10",
    "NO2",
    "SO2",
    "CO",
    "O3",
    "City"
  ]
}